"conversation_id_str","created_at","favorite_count","full_text","id_str","image_url","in_reply_to_screen_name","lang","location","quote_count","reply_count","retweet_count","tweet_url","user_id_str","username"
"2045688623450968155","Sun Apr 19 02:19:09 +0000 2026","5401","Ikan Sapu-Sapu atau cleaning serfish: Pembersih Akuarium yang Jadi Penjajah Mengerikan di Sungai Kita! Banyak yang ngira ikan ini berjasa bersihin sungai padahal realitanya malah bikin ikan lokal terancam punah. Kok bisa? Sini kita bedah kenapa ikan sapu-sapu itu INVASIF: https://t.co/EH5ugcrv9h","2045688623450968155","https://pbs.twimg.com/amplify_video_thumb/2045688343460188160/img/aGD0tJhtgun0oiR0.jpg","","in","","53","84","1061","https://x.com/undefined/status/2045688623450968155","1156869918370873344",
"1374733240351682567","Wed Mar 24 14:42:00 +0000 2021","0","Nama umum: ikan sapu - sapu Nama lokal: ikan pembersih kaca","1374733240351682567","","","in","","0","0","0","https://x.com/undefined/status/1374733240351682567","241073175",
"1716708602604585438","Tue Oct 24 08:21:09 +0000 2023","0","@tanyakanrl apa benar ikan sapu sapu sm pembersih kaca kalo naik ke darat jadi cleaning sharefish?","1716731542792438163","","tanyakanrl","in","","0","1","0","https://x.com/undefined/status/1716731542792438163","1444241382281924625",
"2045373681300647950","Sun Apr 19 03:46:27 +0000 2026","0","@SeekHustle oh ternyata sapu sapu tuh gini di gue namanya ikan pembersih kaca","2045710592485576855","","SeekHustle","in","","0","0","0","https://x.com/undefined/status/2045710592485576855","1524318213676617728",
"1105467861072396288","Tue Mar 12 13:57:31 +0000 2019","1","Ikan sapu-sapu Bahasa lokal: Pembersih kaca Bahasa inggris: Cleaning share fish https://t.co/C5SoQuiWTk","1105467861072396288","https://pbs.twimg.com/media/D1dpKMUU4AAK_iD.jpg","","in","","0","0","0","https://x.com/undefined/status/1105467861072396288","241073175",
"2046463363115626600","Tue Apr 21 05:37:41 +0000 2026","1025","Kalo gitu mending ikan sapu-sapu yang ditangkap dikumpulin terus serahin ke MUI buat disucikan sesuai ajaran islam. https://t.co/CSK4FwZiKx","2046463363115626600","https://pbs.twimg.com/ext_tw_video_thumb/2046463334904696832/pu/img/xxYuEiv8b6pqjHom.jpg","","in","","19","122","76","https://x.com/undefined/status/2046463363115626600","871058414364876800",
"2046642451629404412","Tue Apr 21 17:29:19 +0000 2026","2","ikan sapu sapu https://t.co/aRlMGttuhX","2046642451629404412","https://pbs.twimg.com/media/HGcicowagAA72Vu.jpg","","in","","0","2","0","https://x.com/undefined/status/2046642451629404412","1362596642902347785",
"2046249625116704963","Tue Apr 21 05:32:11 +0000 2026","15","@tvindonesiawkwk Senyumnya bisa membunuh ikan sapu sapu di kali Ciliwung.","2046461976050913350","","tvindonesiawkwk","in","","0","2","1","https://x.com/undefined/status/2046461976050913350","1472497554885525504",
"1456254979237289993","Thu Nov 04 13:40:17 +0000 2021","0","Salah yang makan lumut ikan pembersih kaca Ikan sapu sapu??","1456254979237289993","","","in","","0","0","0","https://x.com/undefined/status/1456254979237289993","775113440",
"2046085521399812361","Mon Apr 20 04:36:17 +0000 2026","1","https://t.co/NpLHdzD8q2 @DKIJakarta @Jakarta","2046085521399812361","","","qme","","0","0","0","https://x.com/undefined/status/2046085521399812361","948579264294567936",
"331446643666874368","Mon May 06 16:33:32 +0000 2013","0","Iwak Sakarmuuut oke dijadikan bit :D RT @kitipz: @Roni_Armor ikan sapu sapu ikan pembersih kaca","331446643666874368","","","in","","0","0","0","https://x.com/undefined/status/331446643666874368","386989453",
"1105467719099404295","Tue Mar 12 13:56:57 +0000 2019","0","Ternyata di luar negeri ada ikan sapu-sapu atau ikan pembersih kaca tapi namanya beda jadi cleaning share fish ~","1105467719099404295","","","in","","0","0","0","https://x.com/undefined/status/1105467719099404295","97581462",
"2045676870583439698","Mon Apr 20 03:29:26 +0000 2026","93","Fun fact sekaligus koreksi : Ternyata betutu saudaranya sapu-sapu itu tidak tepat secara taksonomi. Betutu masuk famili Eleotridae berkerabat dengan ikan gabus. Sapu-sapu masuk Loricariidae keluarga lele Amerika Selatan. Dua ikan ini tidak ada hubungan kekerabatan sama","2046068696964280517","","rouppme","in","","0","3","4","https://x.com/undefined/status/2046068696964280517","902919964301996032",
"2045779191761944768","Sun Apr 19 08:19:02 +0000 2026","5473","Telah ditemukan predator utama ikan sapu-sapu di Indonesia https://t.co/fZfEX24tbE","2045779191761944768","https://pbs.twimg.com/media/HGQRVDKagAANyrK.jpg","","in","","36","75","482","https://x.com/undefined/status/2045779191761944768","1533380464311799808",
"2046412759903178889","Tue Apr 21 02:16:40 +0000 2026","102","Ini panduannya yang saya dapat dr literatur: 1. Cincang 1 kg ikan sapu-sapu segar campur dengan 250 ml molase dan 50 ml EM4 tambah 500 ml air bersih non-klorin aduk rata dalam wadah tertutup 2. Fermentasi 14-21 hari di tempat teduh aduk sekali sehari selama 7 hari pertama ","2046412775220822463","","rouppme","in","","1","3","18","https://x.com/undefined/status/2046412775220822463","902919964301996032",
"2045771794423165164","Sun Apr 19 18:37:44 +0000 2026","1","@KangManto123 M U ik lebih peduli ikan sapu sapu daripada kaum penyuka sejenis di taman lawang merajalela.","2045934890882101450","","KangManto123","in","","0","0","1","https://x.com/undefined/status/2045934890882101450","723969192",
"2046625758500778481","Tue Apr 21 16:27:23 +0000 2026","1","Kecuali mereka bisa proses buat ilangin semua polusi yang ada dari ikan sapu sapu (which will cost more than making another organic fertilizer) ga ada yang lebih tepat selain dibuang aja yang harusnya bahkan nguburnya di tempat tertentu.","2046626865931329634","","agrainofsal","in","","0","1","0","https://x.com/undefined/status/2046626865931329634","1767916092012535808",
"2046179612313657746","Mon Apr 20 10:50:11 +0000 2026","1","mendominasi sungai-sungai Jakarta mengancam populasi ikan lokal dan merusak ekosistem sungai. Adalah Arief Kamarudin seorang pemuda dan aktivis lingkungan yang rutin memburu ikan sapu-sapu di Sungai Ciliwung Jakarta yang menjadi pionir pemburuan ikan sapu-sapu.","2046179615316815954","","makobanser","in","","0","1","0","https://x.com/undefined/status/2046179615316815954","1831407388714536960",
"741966089479823360","Sun Jun 12 12:11:15 +0000 2016","0","Wa baru tau kalau siomay bikinnya dari ikan sapu-sapu kirain dari ikan pembersih kaca.","741966089479823360","","","in","","0","1","1","https://x.com/undefined/status/741966089479823360","79921163",
"2045771794423165164","Sun Apr 19 21:34:24 +0000 2026","1","@AntonClipper9 @KangManto123 tp sebenernya ikan sapu sapu ini dia konsumsi segala macem hal. apalagi yg di sungai ciliwung yg udh terkontaminasi kandungan logam/besi nya. kl dimasak dan dimakan tubuh kita jg tercemar dr kandungan itu","2045979353310462292","","AntonClipper9","in","","0","1","0","https://x.com/undefined/status/2045979353310462292","1356890731269394434",
"2045932153717112943","Mon Apr 20 07:21:33 +0000 2026","1","@xzabiruw pernah baca ikan sapu sapu ada yang di buat jadi siomay.. kalo bener. anjir lah ternyata w baru tau ternyata ikan sapu sapu itu enak","2046127113179431347","","xzabiruw","in","","0","0","0","https://x.com/undefined/status/2046127113179431347","3187400611",
"2045932153717112943","Mon Apr 20 07:47:45 +0000 2026","13","@xzabiruw Iya emang bisa dimakan kalau dr sungai yang airnya bersih di kampung juga banyak yg makan ikan sapu tapi kalau dr sungai di perkotaan yang tercemar ya jijik dan emang gak boleh dikonsumsi Krn bahaya.","2046133707720044672","","xzabiruw","in","","0","1","0","https://x.com/undefined/status/2046133707720044672","1614499114829643778",
"2046370860638839188","Tue Apr 21 02:55:48 +0000 2026","2","@tanyarlfes beberapa sub buzzer yg terlahir di tahun ini: buzzer si paling penyeponk militer buzzer cpns buzzer jujutsu kaisen buzzer ikan sapu-sapu buzzer hrd kontol","2046422622733472234","","tanyarlfes","in","","0","0","0","https://x.com/undefined/status/2046422622733472234","2000094215469228033",
"2046163148856553661","Mon Apr 20 15:36:38 +0000 2026","4","@pennoooo Beneran papa waktu itu jg kaget. Padahal ikan sapu²nya jg gk kecil amat. ada 5 ikan koki d akuarium kyknya dikeroyok deh sapu²nya. Pantesan sebelum²nya kalo dikasih ikan hias kecil lain kok pada ngilang. kirain kesedot filter apa gmn. pas baca² ikan koki tuh kanibal juga.","2046251705554391457","","pennoooo","in","","0","1","0","https://x.com/undefined/status/2046251705554391457","1689298587510042624",
"2046163148856553661","Mon Apr 20 15:55:09 +0000 2026","3","@pennoooo Penyesalan gua adalah naro ikan sapu sapu di aquarium bukanya nya bersih ikan ikan kecil malah dimakansekarang kapok gak mau beli sapu sapu lagi dan tp sekarang ikan sapu sapunya mati gara gara gak ada yang mau di makan lagi soalnya makan lumut di aquarium dia gak mau","2046256365065429477","","pennoooo","in","","0","2","0","https://x.com/undefined/status/2046256365065429477","1849838914980515840",
"2046244864984322489","Tue Apr 21 04:17:46 +0000 2026","1","@TaliUdeng @Asman_April44 Apakah ikan sapu-sapu pengoleksi sapu lidi atau sapu ijuk?","2046443250261868660","","TaliUdeng","in","","0","1","0","https://x.com/undefined/status/2046443250261868660","257090687",
"128838576841555968","Tue Oct 25 14:21:25 +0000 2011","0","Hahah iya ama wiper jg RT @Gingsullll: @AryyaSanggra Looh! ngresiki kocomoto nganggo iwak sapu sapu mas?! *eh ikan pembersih kaca apaan si","128838576841555968","","","in","","0","0","0","https://x.com/undefined/status/128838576841555968","81295837",
"2046163148856553661","Mon Apr 20 22:54:25 +0000 2026","1","@pennoooo Ikan sapu sapunya pakai jutsu teleportasi Minato Jd ga ada yang tau di sudah ada di kolam selama berbulan bulan ","2046361876360253909","","pennoooo","in","","0","1","0","https://x.com/undefined/status/2046361876360253909","1615840679795789825",
"309133773512011776","Tue Apr 30 13:24:20 +0000 2013","0","@nichahoho kamu ikan sapu-sapu/pembersih kaca :D","329224702126092288","","anisadwrn","in","","0","1","0","https://x.com/undefined/status/329224702126092288","483919146",
"2046450874629898582","Tue Apr 21 08:00:28 +0000 2026","13","@ApollyonAstra @catchmeupco iya tapi melihat lingkungan ikan sapu sapu yg hidup di indonesia kayanya ga masuk ke standar mutu sana ","2046499292924592626","","ApollyonAstra","in","","0","3","0","https://x.com/undefined/status/2046499292924592626","1258762124802658310",
"2047966348089884795","Sat Apr 25 09:10:01 +0000 2026","1","anyone else super hyperfixated on ikan sapu sapu rn","2047966348089884795","","","tl","","0","1","0","https://x.com/undefined/status/2047966348089884795","3160998848",
"2046038641164562839","Mon Apr 20 08:51:04 +0000 2026","2","@kumparan Harusnya setelah dikumpulkan ikan sapu-sapunya dikirim ke MUI biar disembelih satu-satu dan dikasih logo Halal","2046149641407000867","","kumparan","in","","0","0","0","https://x.com/undefined/status/2046149641407000867","1587756598574784512",
"2047913693581820379","Sat Apr 25 05:40:47 +0000 2026","3","Kawasan bebas ikan sapu-sapu. https://t.co/OIMcqx7vep","2047913693581820379","https://pbs.twimg.com/media/HGumoa9akAAzLKA.jpg","","in","","0","1","0","https://x.com/undefined/status/2047913693581820379","478829168",
"1325614073329807361","Mon Nov 09 13:26:32 +0000 2020","0","@ismailfahmi Seperti mirip ikan pembersih kaca atau sapu sapu.","1325791887488266240","","ismailfahmi","in","","0","0","0","https://x.com/undefined/status/1325791887488266240","971173884916523008",
"2045932153717112943","Mon Apr 20 13:02:00 +0000 2026","2","@xzabiruw Tau ikan nila kan? Di Indonesia jadi top menu di Jepang dianggap hama. Jadi ga bisa dianggap di negara lain ikan sapu sapu baik2 aja lalu harus baik2 aja juga di semua negara.","2046212788255961194","","xzabiruw","in","","0","0","0","https://x.com/undefined/status/2046212788255961194","111846612",
"2046450874629898582","Tue Apr 21 08:18:07 +0000 2026","2","@catchmeupco Sungai disini tercemar. ikan sapu-sapunya ada logam berat masa dibikin pelet atau pupuk.","2046503737129398685","","catchmeupco","in","","0","0","0","https://x.com/undefined/status/2046503737129398685","2996087072",
"2046116474654544314","Mon Apr 20 06:39:17 +0000 2026","2","Semenjak ada isu ada beberapa oknum tukang siomay yang pake daging ikan sapu-sapu gw ga pernah lagi beli siomay gerobakan di pinggir jalan https://t.co/oz1ct12laa","2046116474654544314","https://pbs.twimg.com/media/HGVEFcVb0AA-npP.jpg","","in","","0","0","0","https://x.com/undefined/status/2046116474654544314","1631253008817463297",
"2047969264343318823","Sat Apr 25 09:21:36 +0000 2026","1","Haaaaa pengen jadi ikan aja (yang bukan sapu-sapu)","2047969264343318823","","","in","","0","0","0","https://x.com/undefined/status/2047969264343318823","1069778888790667265",
"230738536289161217","Wed Aug 01 18:55:28 +0000 2012","0","Baik ikan pembersih kaca RT @dmasnoviyanto: Jangan buang sampah ke laut sunga samudra karena ikan g punya sapu kasihan mereka #oceansmovie","230738536289161217","","","in","","0","0","0","https://x.com/undefined/status/230738536289161217","242238436",
"2047908770391716085","Sat Apr 25 05:21:13 +0000 2026","3","KDM: Ikan Sapu-sapu Dominasi Sungai Tanda Air Tercemar https://t.co/woTgCYGrv3","2047908770391716085","","","in","","0","0","0","https://x.com/undefined/status/2047908770391716085","17128975",
"2045932153717112943","Mon Apr 20 08:46:58 +0000 2026","13","@xzabiruw Kalau mau debat ikan sapu-sapu bisa di makan atau enggak. Balik dulu ke habitatnya ikan sapu-sapu ini di tangkap. Lu makan ikan sapu-sapu dari kali jakarta ya Mon maap saya lebih mending makan mie instan aja. Ngebayangin mereka hidup di air hitam berbusa aja udh geli","2046148607326429629","","xzabiruw","in","","0","0","0","https://x.com/undefined/status/2046148607326429629","1074599245435494400",
"2045794788721701117","Mon Apr 20 04:29:55 +0000 2026","1","@izoelsaka @mwv_mystic @catreonot Karena ikan sapu² asalnya emang dari Brazil disana tingkat pencemaran sungainya gak separah sungai di Jakarta (mungkin). Sapu² disini kandungan logam beratnya pada dagingnya tinggi jadi gak aman buat dikonsumsi","2046083920459145251","","izoelsaka","in","","0","1","0","https://x.com/undefined/status/2046083920459145251","1239920810640306176",
"2045527671514546315","Mon Apr 20 08:25:52 +0000 2026","32","@SarjanaEksu Yang bilang ikan sapu-sapu jadi sumber utamanya siapa? ","2046143299355062415","","SarjanaEksu","in","","0","0","0","https://x.com/undefined/status/2046143299355062415","1247682973",
"2046484386988925028","Tue Apr 21 07:01:14 +0000 2026","1","Ikan sapu² itu bisa jadi cuan kalo di jadikan pelet pakan ternak mas @pramonoanung tanpa harus dimusnakan.","2046484386988925028","","","in","","0","1","0","https://x.com/undefined/status/2046484386988925028","1021329195329179648",
"2045320408241439124","Sun Apr 19 01:40:45 +0000 2026","2","@Netizen_bawel @Goo9le_Fiv3 Ikan sapu-sapu di Indonesia banyak yang hidup di perairan tercemar yg bertindak sebagai bioakumulator yang menyerap dan menyimpan polutan berbahaya seperti logam berat (merkuri timbal kadmium arsen) dalam tubuhnya jadi gk boleh dikonsumsi beb","2045678960441479286","","Netizen_bawel","in","","0","0","0","https://x.com/undefined/status/2045678960441479286","847342352439980032",
"2046075441812054163","Mon Apr 20 03:56:17 +0000 2026","0","Menariknya ikan sapu-sapu punya daya tahan tubuh yang luar biasa ekstrim. Bisa hidup di air tercemar bisa bertahan tanpa air dalam waktu tertentu dan reproduksi super cepat. Menurut peneliti dari Universitas Airlangga ketika ikan ini keluar dari habitat aslinya ikan","2046075454331994156","","siapdarling","in","","0","1","0","https://x.com/undefined/status/2046075454331994156","1102847446722347008",
"2046450874629898582","Tue Apr 21 08:38:26 +0000 2026","15","@catchmeupco kalo pelet ternak ya hewan ternaknya malah terkontaminasi limbah jadi sama bahayanya tuh hewan ternak sama ikan sapu sapu. kalo jadi pupuk masih ragu sih.","2046508847893004631","","catchmeupco","in","","0","0","0","https://x.com/undefined/status/2046508847893004631","1476085220",
"2046255810884624795","Mon Apr 20 15:52:57 +0000 2026","1","Tekarok pelernya minta disepongin ikan sapu² keknya","2046255810884624795","","","in","","0","0","0","https://x.com/undefined/status/2046255810884624795","101753823",
"879463479412834304","Mon Jun 26 22:16:47 +0000 2017","0","jadi yang bener ikan sapu-sapu apa ikan sabu-sabu? (re: ikan pembersih kaca)","879463479412834304","","","in","","0","1","0","https://x.com/undefined/status/879463479412834304","320230104",
"2046163148856553661","Mon Apr 20 14:21:45 +0000 2026","5","@pennoooo Siapa yang dulu jual ikan ini jadi pembersih kaca ya hoax terbesar jaman dahulu","2046232858168332712","","pennoooo","in","","0","1","0","https://x.com/undefined/status/2046232858168332712","1049801977",
"2046163148856553661","Tue Apr 21 05:02:53 +0000 2026","2","@novichud @pennoooo Impossible. Gigi Ikan mas koki dirancang sebagai omnivora sedangkan kulit ikan sapu/sapu ajah keras dan berduri.","2046454605488541713","","novichud","in","","0","0","0","https://x.com/undefined/status/2046454605488541713","1262447851277152256",
"2046118004170366997","Mon Apr 20 06:45:21 +0000 2026","4","Apakah menurut MUI sebaiknya ikan sapu-sapu tersebut dijemur hingga mati terlebih dahulu baru dikubur atau disembelih satu-satu?","2046118004170366997","","","in","","0","1","1","https://x.com/undefined/status/2046118004170366997","131712155",
"2046405602545738230","Tue Apr 21 01:48:10 +0000 2026","88","Ikan sapu-sapu mengajarkan kita tentang adaptasi ekstrem. Di saat sungai mengering air membeku dan lumpur membatu mereka tidak mati mereka cuma sedang tidur menunggu hujan. Inilah definisi penyintas sejati. Dalam kehidupan mirip siapa ya? https://t.co/cKQF0x303i","2046405602545738230","https://pbs.twimg.com/ext_tw_video_thumb/2046405571671433216/pu/img/dXq0W1BDt9h0EKHt.jpg","","in","","1","9","28","https://x.com/undefined/status/2046405602545738230","1237012707481550848",
"2046412759903178889","Tue Apr 21 13:12:39 +0000 2026","7","Kebanyakan orang takut merkuri dari ikan sapu-sapu. Tapi riset IPB dari tiga titik Ciliwung : Bogor Depok Jakarta menemukan konsentrasi Hg di bawah 0 001 mg/kg. Hampir tidak terdeteksi. Kandungan Cd (kadmium) juga di bawah 0 005 ppm di bawah baku mutu BSN. (Sumber:","2046577856655073329","","rouppme","in","","0","1","1","https://x.com/undefined/status/2046577856655073329","902919964301996032",
"2046244864984322489","Tue Apr 21 09:23:20 +0000 2026","1","@Annas_Cim @TaliUdeng Gpp ntr jadi terkenal Frozen food ikan sapu dua ","2046520150162321545","","Annas_Cim","in","","0","1","0","https://x.com/undefined/status/2046520150162321545","202977787",
"2046492277753930118","Tue Apr 21 07:32:48 +0000 2026","1","Hasil penelitiannya kandungan logam Pb Cd As Hg diatas nilai ambang batas PerBPOM kesimpulannya ikan sapu-sapu tidak layak konsumsi https://t.co/cR3QBaLUjn","2046492331407466736","https://pbs.twimg.com/media/HGaZ7kfagAAUCl4.png","TeknofiliaID","in","","0","1","0","https://x.com/undefined/status/2046492331407466736","1428330789696016384",
"2046529725691290037","Tue Apr 21 10:01:23 +0000 2026","1","Bagus nyanyinya cuma lokasinya agak janggal yah untung di kali korea ga ada ikan sapu sapu","2046529725691290037","","","in","","0","0","0","https://x.com/undefined/status/2046529725691290037","969625016789737472",
"2045774883897135178","Mon Apr 20 03:30:45 +0000 2026","232","@ridwanhr sebenarnya ikan sapu sapu itu hanya simptom dari masalah yang lebih jahat. yaitu pencemaran logam berat. harusnya lu beruntung ikan sapu sapu itu nyerap logam berat nya asal lu cukup bijak untuk tidak makan siomai sapu2. yang gawat itu air nya dipakai buat apa hilang spon sapu2","2046069031313293699","","ridwanhr","in","","0","0","0","https://x.com/undefined/status/2046069031313293699","711777416",
"2045793078771122292","Sun Apr 19 09:14:13 +0000 2026","379","selain ikan sapu sapu ada juga ikan ngepel ngepel https://t.co/QLmjrNIIlO","2045793078771122292","https://pbs.twimg.com/media/HGQd9riakAAqtlS.jpg","","in","","2","42","36","https://x.com/undefined/status/2045793078771122292","582553661",
"2046529251915313390","Tue Apr 21 09:59:30 +0000 2026","3","Ikan sapu sapu drpd bikin hama mending bikin rumah aku bersih aja https://t.co/vPipWJjYtv","2046529251915313390","https://pbs.twimg.com/media/HGa7gSkbgAA_ePo.jpg","","in","","0","0","0","https://x.com/undefined/status/2046529251915313390","1320399320143724544",
"2046163091860357307","Mon Apr 20 09:44:31 +0000 2026","1","MUI ganti aja ke perikanan kalau ngurus halal ikan sapu-sapu. Ngaca noh korupsi dana haji Ama dana gereja cok. Kalian punya pikiran yang haram itu babi sementara kelakuan kalian banyak mudharat nya. Dan terimakasih buat ngecarry dosa rakyat Indonesia.","2046163091860357307","","","in","","0","1","0","https://x.com/undefined/status/2046163091860357307","1249715893510131712",
"2046435719162552689","Tue Apr 21 03:47:51 +0000 2026","1","Knp timeline gw jadi banyak banget ikan sapu sapu lewat sih","2046435719162552689","","","in","","0","2","0","https://x.com/undefined/status/2046435719162552689","1099755079291138049",
"2046207676695363965","Mon Apr 20 12:41:41 +0000 2026","2","Ikan sapu-sapu tu yang disapu apa kok banyak yg memburu. Menyapu kenangan masa lalu? Atau menyapu halaman rumahmu untuk menyambut aku sebagai pacarmu?","2046207676695363965","","","in","","0","0","0","https://x.com/undefined/status/2046207676695363965","1782585939006771200",
"2046086643472572607","Mon Apr 20 04:40:44 +0000 2026","1","Sebel banget liat bentukan ikan sapu-sapu jelek banget lu","2046086643472572607","","","in","","0","6","0","https://x.com/undefined/status/2046086643472572607","2007450628134785024",
"2045723759026573468","Sun Apr 19 04:38:46 +0000 2026","518","Kenapa ikan sapu-sapu di Brazil dikonsumsi? Di negara asalnya seperti Brasil (dan wilayah lembah Sungai Amazon pada umumnya) ikan sapu-sapu justru menjadi tangkapan yang lumrah untuk dikonsumsi Kenapa di sana bisa dimakan sementara di Indonesia malah jadi hama invasif yang https://t.co/MrlAp7t4on","2045723759026573468","https://pbs.twimg.com/amplify_video_thumb/2045723609327681536/img/r-8f6wcU7Tn9msRR.jpg","","in","","10","45","118","https://x.com/undefined/status/2045723759026573468","1156869918370873344",
"2046255401612857470","Mon Apr 20 15:51:19 +0000 2026","321","AKU RELA KERJA NON-STOP PAGI PULANG PAGI BANTING TULANG MENGGULINGKAN PEMERINTAH UNTUK KM SYG I MEAN DD CANTIK... KOK BISA SECANTIK INI??? PERCAYALAH CINTAKU PADAMU LEBIH MASIF DARIPADA SELURUH POPULASI IKAN SAPU-SAPU DI DUNIA INI! I LOVE YOU DD CANTIK https://t.co/Pzqx7cnYh1","2046255401612857470","https://pbs.twimg.com/media/HGXCcUVaIAANq9J.jpg","","in","","0","3","59","https://x.com/undefined/status/2046255401612857470","1225313114435928064",
"2046137639548702720","Mon Apr 20 08:03:23 +0000 2026","1","Susi Pudjiastuti Sarankan Pemanfaatan Ikan Sapu-sapu Jadi Pakan atau Pupuk https://t.co/YcEfIvmXbl lewat @energijuangnews","2046137639548702720","","","in","","0","0","0","https://x.com/undefined/status/2046137639548702720","1824024644804067328",
"2046443163762733272","Tue Apr 21 04:17:25 +0000 2026","1","Urusan Ikan sapu-sapu dibasmi dia nongol Ada korupsi quota haji ada santri dicabuli di pesantren - malah ngilang. Ini lembaga maunya apaa....? https://t.co/PljZGsPTvZ","2046443163762733272","https://pbs.twimg.com/media/HGZtNmpaMAAEURJ.jpg","","in","","0","1","0","https://x.com/undefined/status/2046443163762733272","1100609875",
"2045872137442099323","Sun Apr 19 14:28:22 +0000 2026","2","Tweet penutup hari ini dengan frasa lucu: 1. ikan sapu-sapu 2. tribun jember 3. 4 cover majalah 4. 30 kolaborasi brand semoga harimu senin terus","2045872137442099323","","","in","","0","0","0","https://x.com/undefined/status/2045872137442099323","1899442084001828865",
"2046509811001663840","Tue Apr 21 08:42:15 +0000 2026","2","Pemerintah sibuk tumpas hama ikan sapu sapu MUI main vonis halal - haram saja. @MUI_Pusat dibubarkan saja lebih banyak mudarat daripada manfaat https://t.co/WhZPJNPtI9","2046509811001663840","","","in","","0","2","0","https://x.com/undefined/status/2046509811001663840","1743939521673367552",
"2045932153717112943","Mon Apr 20 07:40:14 +0000 2026","51","@xzabiruw Ternyata ikan sapu sapu itu mahal ya 1 nya dihargai segini https://t.co/hGlhiJP4VP","2046131816156082247","","xzabiruw","in","","0","3","45","https://x.com/undefined/status/2046131816156082247","4645217546",
"2046163148856553661","Mon Apr 20 10:10:58 +0000 2026","1","@pennoooo Ikan sapu-sapu emang sebegitu bahayanya ya buat ekosistem gak bisa dibasmi pula itu harus diambil ya","2046169748602536073","","pennoooo","in","","0","1","0","https://x.com/undefined/status/2046169748602536073","30831865",
"2046157014741713031","Mon Apr 20 09:20:22 +0000 2026","1","MUI Sebut Ikan Sapu-sapu Dikubur Hidup-hidup Tak Sesuai Prinsip Islam Pramono Janji Bakal Ada Penyesuaian https://t.co/I4OjAr9qnA","2046157014741713031","","","in","","0","0","0","https://x.com/undefined/status/2046157014741713031","1769017497125339136",
"2046513852356153839","Tue Apr 21 09:06:24 +0000 2026","1","@Lalerrrrrmu ini bukan ikan sapu sapu kan","2046515885805056160","","Lalerrrrrmu","in","","0","1","0","https://x.com/undefined/status/2046515885805056160","1084119301907308544",
"2046491071308574743","Tue Apr 21 22:50:46 +0000 2026","10","@tamanunyil @pergijauhkealam Betul sekali. Bukan hanya ikan tapi biota air lainnya. Selain sapu-sapu ada nila dan kujair lalu ikan guppy/burayak ikan platis lele dumbo red devil louhan Aequidence pulcher dll. Munhkin juga Peacock bass. Yang non ikan ada keong mas lobster ini kura-kura pipi merah.","2046723345555886324","","tamanunyil","in","","1","3","1","https://x.com/undefined/status/2046723345555886324","2993672654",
"2046168997453050342","Mon Apr 20 10:07:59 +0000 2026","1","Pedagang Sebut Ada yang Pakai Ikan Sapu-sapu untuk Bahan Siomay ~RK Baca di sini: https://t.co/TcTWYimPEM","2046168997453050342","","","in","","0","0","1","https://x.com/undefined/status/2046168997453050342","23343960",
"2045774883897135178","Mon Apr 20 01:26:21 +0000 2026","5","@uwltragirl @ridwanhr padahal bau asam itu dari ikan yang busuk ga peduli ikan apa aja kalo ikannya ga segar pas diolah ya bakal ada bau amonia atau asam dan yang jadi mispersepsi selama ini ikan sapu emang ikan ga aman konsumsi karna dia kuat banget nyerap logam berat tp itu ga bikin bau asam","2046037722360668368","","uwltragirl","in","","0","1","1","https://x.com/undefined/status/2046037722360668368","1968361359688822786",
"2046412759903178889","Tue Apr 21 13:12:40 +0000 2026","6","Ikan yang sama spesies yang sama. Sungai yang berbeda menentukan layak tidaknya konsumsi. Masalah terbesar ikan sapu-sapu bukan di tubuhnya. Tapi di sungai yang kita biarkan kotor.","2046577862652891196","","rouppme","in","","0","1","1","https://x.com/undefined/status/2046577862652891196","902919964301996032",
"2046456236946993353","Tue Apr 21 05:09:22 +0000 2026","4"," Ikan sapu-sapu sepertinya sebagai suatu alarm ekologi yang mendukung suatu perairan mengalami pencemaran. Berhubung dia toleransi sangat tinggi ikan lokal mati duluan ikan sapu-sapu masih ada kata Triyanto. Baca selengkapnya: https://t.co/cv5FdpAT8L ~SN #ikanSapuSapu https://t.co/FT5ybB2Avn","2046456236946993353","https://pbs.twimg.com/media/HGZ5Flfa4AA_99s.jpg","","in","","1","0","0","https://x.com/undefined/status/2046456236946993353","23343960",
"2046551458196365332","Tue Apr 21 12:07:45 +0000 2026","11","@JakOnline Ndak cocok makan siomay ikan sapu-sapu yang dicampur saos 4000-an perbotol.","2046561526291767496","","JakOnline","in","","0","0","1","https://x.com/undefined/status/2046561526291767496","355569519",
"621700947044093952","Thu Jul 16 15:20:31 +0000 2015","0","Ikan sapu sapu yangsuka nempel gitu loh jal oalah di malang bilangnya ikan pembersih kaca han wkwk http://t.co/GGABxlOBvc","621700947044093952","","","in","","0","0","0","https://x.com/undefined/status/621700947044093952","339064269",
"2045676870583439698","Mon Apr 20 00:17:39 +0000 2026","0","@rouppme Di tempat ku namanya ikan pembersih kaca diletakan di bak kamar mandi","2046020436044169394","","rouppme","in","","0","0","0","https://x.com/undefined/status/2046020436044169394","111789167",
"2046072337783787999","Mon Apr 20 03:43:54 +0000 2026","75","Astaghfirullahaladzim. Semoga bukan somay ikan sapu-sapu yaa Kak‍️","2046072337783787999","","","in","","0","6","10","https://x.com/undefined/status/2046072337783787999","2005984164118777856",
"2046450874629898582","Tue Apr 21 07:56:47 +0000 2026","5","@catchmeupco duh kemaren ada aku liat katanya di negara amerika selatan sana ni ikan sapu sapu jadi santapan mahal di ekspor aja gimana?","2046498368185397614","","catchmeupco","in","","0","13","0","https://x.com/undefined/status/2046498368185397614","1348842876705280000",
"2045754310026526942","Mon Apr 20 06:39:15 +0000 2026","2","@LelakiLugu @syahnant01 @caragampang @Outstandjing Kerang Ijo termasuk yg harus dihindari seperti ikan sapu-sapu","2046116467197055321","","LelakiLugu","in","","0","0","0","https://x.com/undefined/status/2046116467197055321","2037225066409398272",
"2046156628970594623","Mon Apr 20 09:18:50 +0000 2026","1092","Gara-gara berita ikan sapu-sapu yg lagi viral itu siapa nih yg jadi parno klo mau beli siomay ? Tenang tenang siomay dari ikan sapu-sapu ini sebenernya gmpang bgt kok ketahuan ciri-cirinya. Dikutip dari kompas ini ciri perbedaan siomay yg pake ikan sapu2 : 1. Warna https://t.co/NZp9roqxKX","2046156628970594623","https://pbs.twimg.com/media/HGVoIi-bIAAMxiz.jpg","","in","","33","59","222","https://x.com/undefined/status/2046156628970594623","1645760230398242816",
"2046235026237636953","Mon Apr 20 14:30:22 +0000 2026","10","kata mang oleh satu dua ikan sapu sapu pokoknya ailopuuu cantik amat mpruyyy","2046235026237636953","","","in","","0","0","2","https://x.com/undefined/status/2046235026237636953","1587086820059205632",
"2046450874629898582","Tue Apr 21 15:28:13 +0000 2026","3","@catchmeupco Tapi bu klo ikan sapu-sapunya mengandung logam berat memang sebaiknya dimusnahkan saja bu dengan cara yg baik dimatikan dulu baru dikubur jangan langsung dikubur hidup-hidup dalam perikanan juga berlaku animal welfare matikan dengan cepat dan minim penderitaan.","2046611972553359620","","catchmeupco","in","","0","0","0","https://x.com/undefined/status/2046611972553359620","1065527742609862656",
"2045740042614685794","Sun Apr 19 14:00:30 +0000 2026","7","@firetalez_ @mkbijaksana tiap main di danau unhas selalu ngeliat ikan yang sudah mati dekat tempat orang duduk-duduk. dulu ga tau ikan apa pokoknya warna gelap dan keliatan keras. makin kesini banyak netizen yang bahas ikan sapu-sapu jadi ngeh kalau ikan di danau yang aku liat itu ikan sapu2","2045865123299151908","","firetalez_","in","","0","1","0","https://x.com/undefined/status/2045865123299151908","921283995425390592",
"2045774883897135178","Mon Apr 20 06:33:42 +0000 2026","10","@ridwanhr kalau di kampung aku biasa pake bak air yg dari semen. tinggi besar nampung air banyak buat mandi. ikan sapu sapu ini berguna buat makanin jentik nyamuk dan makanin lumut. nggak amis kok asal narohnya cuma satu. kena sabun juga kaga mati","2046115072507032035","","ridwanhr","in","","0","1","0","https://x.com/undefined/status/2046115072507032035","1124315050972303362",
"2046090633933447503","Mon Apr 20 04:56:36 +0000 2026","1","sejelek ini ikan sapu sapu dan masih ada org yg bilang mirip lele nowayyyy","2046090633933447503","","","in","","0","9","0","https://x.com/undefined/status/2046090633933447503","1887509127867604994",
"2046412759903178889","Tue Apr 21 13:12:34 +0000 2026","16","Riset dari IPB dan Universitas Al-Azhar Indonesia meneliti ikan sapu-sapu dari Sungai Ciliwung. Hasilnya memang mengkhawatirkan: Kandungan Pb (timbal) di daging: Bogor 2 63 mg/kg Depok 3 45 mg/kg Jakarta 2 64 mg/kg. (Sumber: Repository IPB Dhika LR 2013) Riset Al-Azhar","2046577834660069517","","rouppme","in","","0","1","4","https://x.com/undefined/status/2046577834660069517","902919964301996032",
"2046170887502868483","Mon Apr 20 10:15:30 +0000 2026","8","Lagi ramai banget soal ikan sapu-sapu yang diberantas di Sungai Ciliwung tapi tahu enggak sih kalau spesies invasif di perairan kita gak cuma itu? https://t.co/2WssVcgucB","2046170887502868483","https://pbs.twimg.com/media/HGV1iy8a8AAV1y8.jpg","","in","","0","1","6","https://x.com/undefined/status/2046170887502868483","892211698030989312",
"2046182097875063235","Mon Apr 20 11:00:03 +0000 2026","1","Ikan sapu-sapu menjadi ancaman ekosistem sungai di Indonesia. Populasinya yang cepat berkembang biak merusak habitat asli dan memicu longsor. https://t.co/d3rrA6e9ga","2046182097875063235","","","in","","0","0","0","https://x.com/undefined/status/2046182097875063235","48890883",
"1292409550620901377","Sun Aug 09 10:37:03 +0000 2020","0","Baru tahu ternyata ikan sapu-sapu itu jenis ikan pembersih kaca. Selama ini ngapa aj Fer!","1292409550620901377","","","in","","0","1","0","https://x.com/undefined/status/1292409550620901377","546655226",
"2045676870583439698","Sun Apr 19 11:53:44 +0000 2026","0","@rouppme Udah dari SD kenal ikan ini krn punya akuarium dan bapak selalu beli ikan hias + ada ikan sapu2 / pembersih kaca","2045833222219817199","","rouppme","in","","0","0","0","https://x.com/undefined/status/2045833222219817199","729549414",
"2045932153717112943","Mon Apr 20 08:48:35 +0000 2026","15","@xzabiruw Ini juga jd reminder yg keras buat kita bahwa jangan pernah abaikan kondisi lingkungan. Solusi jangka panjangnya bukan cuma basmi ikannya atau larang siomay tapi emg harus bener bener bersihin sungai. Kalo airnya bersih ikan sapu sapu di sini pun pasti berpotensi jadi sumber","2046149015537074651","","xzabiruw","in","","1","1","0","https://x.com/undefined/status/2046149015537074651","6224442",
"2045740042614685794","Sun Apr 19 12:43:06 +0000 2026","14","@uwltragirl @mkbijaksana Tapi pernah nemuin penjual siomay di kukusannya dikasih daun jeruk. Mungkin itu untuk menyamarkan aroma uap ikan sapu-sapu kali ya. Lagian aneh kukusan siomay dikasih daun jeruk.","2045845643957346574","","uwltragirl","in","","0","1","1","https://x.com/undefined/status/2045845643957346574","1683877417650364418",
"2045856253977743493","Sun Apr 19 13:25:15 +0000 2026","41","Review Jujur Bapak-bapak makan IKAN SAPU-SAPU Bakar Pinggir Jalan! Kalo di Indo ikan ini identik sama sungai kotor atau mitos oknum tukang siomay nakal di Amerika Selatan (tepatnya di Pasar Belén) ikan ini namanya Carachama dan jadi street food favorit warga lokal! Dari https://t.co/0ecJH8a3kb","2045856253977743493","https://pbs.twimg.com/amplify_video_thumb/2045856051187351552/img/oZle4cJzyDjkT05R.jpg","","in","","3","10","14","https://x.com/undefined/status/2045856253977743493","1156869918370873344",
"2045851661848215595","Sun Apr 19 13:07:00 +0000 2026","6","ALHAMDULILLAHH SIOMAY AKU APPROVED!! yukk jajannya jangan pempek keju muluuuu SIOMAY DARI IKAN TENGGIRI LOHHH GUYSSSSS (no sapu-sapuuuuu)!!!!! tolongg sebarkan berita ini","2045851661848215595","","","in","","0","2","0","https://x.com/undefined/status/2045851661848215595","554149168",
"1509509594074484737","Thu Mar 31 12:35:07 +0000 2022","0","Sangat cerah sekali langit di taiwan malam ini seperti senyuman @L_MarshaJKT48. Ikan pembersih kaca bawa sapu Hay dik matcha aku padamu Salam hangat dari kokoh di A5 jauh2 dari taiwan untuk semua member jkt48. #TunasDiBalikSeragamJKT48 https://t.co/qyS3DcZEaO","1509509594074484737","https://pbs.twimg.com/media/FPLa9t3aQAI-aoL.jpg","","in","","0","0","0","https://x.com/undefined/status/1509509594074484737","1348876749484879874",
"2045767195003863485","Sun Apr 19 07:31:22 +0000 2026","4186","Beda kehidupan ikan sapu nya. Di sini ada campuran oli federal sisaan berak kemarin dan bekas micin","2045767195003863485","","","in","","9","15","624","https://x.com/undefined/status/2045767195003863485","111282707",
"2046558194693288053","Tue Apr 21 11:54:31 +0000 2026","15","Dominasi ikan sapu-sapu di Jakarta menjadi pengingat keras akan bahaya spesies asing invasif. Namun pakar dari Badan Riset dan Inovasi Nasional (BRIN) menekankan bahwa perhatian pemerintah tidak boleh berhenti pada pembersihan kanal-kanal Ibu Kota semata. Peneliti PRLSDA https://t.co/NxlsPoCjFk","2046558194693288053","https://pbs.twimg.com/media/HGbV0Z3bIAAeHyi.jpg","","in","","1","1","3","https://x.com/undefined/status/2046558194693288053","23343960",
"2046417424627712035","Tue Apr 21 02:51:26 +0000 2026","1","@aril_piterpen1 Bukannya ini ikan sapu-sapu ya mint?","2046421523997786299","","aril_piterpen1","in","","0","1","0","https://x.com/undefined/status/2046421523997786299","2043174426540388352",
"2047952896592150689","Sat Apr 25 08:16:34 +0000 2026","2","Waduhh ternyata bukan isu.. 5 Pria yang Diamankan Satpol PP di Jakpus Tangkap Ikan Sapu-sapu untuk Bikin Siomai https://t.co/qVhKPlGlHz https://t.co/kAAdNNHvfw","2047952896592150689","https://pbs.twimg.com/media/HGvKTkbaQAAzT-o.jpg","","in","","0","0","1","https://x.com/undefined/status/2047952896592150689","2412572689",
"2045771794423165164","Sun Apr 19 17:58:28 +0000 2026","3","@KangManto123 MUI ikan sapu sapu itu bisa bertahan hidup di tanah gersang ! Harusnya MUI itu ngeributin besarnya bunga Pinjol dan judol ! Bunga bank juga loe ributin dong kan dah kelewatan!!","2045925009286451702","","KangManto123","in","","0","0","0","https://x.com/undefined/status/2045925009286451702","2436820202",
"2046412759903178889","Tue Apr 21 06:49:19 +0000 2026","10","@rouppme masalahnya ikan sapu-sapu yg tinggal di sungai tercemar kemungkinan mengandung logam berat yg sangat berbahaya bagi kesehatan dan sulit dibersihkan ada penelitian tentang itu?","2046481387331690594","","rouppme","in","","0","3","2","https://x.com/undefined/status/2046481387331690594","1573278215199596544",
"2045771794423165164","Sun Apr 19 20:31:26 +0000 2026","1","@AgusSamosi28650 @BiarMikirKlean @KangManto123 IQ jongkok IQ jongkok Lo tahu bahaya sapu sapu buat ikan lain? Lo tahu kalo ikan sapu² gak hanya bersihin kotoran tapi juga makan telur ikan dan ikan kecil lainnya? Lo tahu ikan sapu² dagingnya sedikit dan susah di olah? Lo kalo komen ya mikir cari info dll otak di pake bos","2045963505011204137","","AgusSamosi28650","in","","0","0","0","https://x.com/undefined/status/2045963505011204137","1969439299579101188",
"2046453966599549191","Tue Apr 21 05:00:21 +0000 2026","5","Jadi gini ikan sapu dua . . .bukan buat konsumsi tapi buat bikin orang nyadar: hidup itu keras tapi ikan sapu dua lebih keras lagi Tp seterah aja mao digoreng : wajan nya duluan nyerah pas mao digigit gigi auto loncat duluan So ikan ini malah bilang siapa yang makan","2046453966599549191","","","in","","0","0","1","https://x.com/undefined/status/2046453966599549191","202977787",
"2045767195003863485","Sun Apr 19 23:20:43 +0000 2026","16","@handierawan @The_CivilEng bukan perbandingan yang tepat sih karena di eropa khususnya belanda tuh ikan sapu-sapu tidak lazim dikonsumsi mending cari foto sungai dari negara-negara amerika latin sebagai negara asal dan pengonsumsi ikan sapu-sapu yang pastinya juga tercemar seperti sungai di indonesia https://t.co/JccfzNjjE3","2046006106120679626","https://pbs.twimg.com/ext_tw_video_thumb/2046006061904379904/pu/img/MJLrTCbbq7PM8GYV.jpg","handierawan","in","","0","1","0","https://x.com/undefined/status/2046006106120679626","1241744914011979779",
"2046099346610061499","Mon Apr 20 05:31:13 +0000 2026","1","Pemda dki beruntung ikan sapu² itu bentukannya ga desireable bagi masyarakat Kl bentukannya disukain masyarakat pasti banyak yg protes tuh Apalagi animal lover Contoh kejadian: kucing dan anjirng 2 hewan yang asllinya pqntas dimusnahin tp engga cm krena mereka imut wkwkwkkwkwkw","2046099346610061499","","","in","","0","0","0","https://x.com/undefined/status/2046099346610061499","1627071640243965952",
"2046450874629898582","Tue Apr 21 07:34:20 +0000 2026","1","@iamHadaJZ @catchmeupco Ada kandungan logam berat nya di ikan sapu²","2046492718554317166","","iamHadaJZ","in","","0","0","0","https://x.com/undefined/status/2046492718554317166","1313367804549111810",
"2046040251865706531","Mon Apr 20 01:36:24 +0000 2026","14","emang beneran ya tukang somay bikin somaynya pake daging ikan sapu-sapu? lewat mulu dari kemarin ","2046040251865706531","","","in","","1","24","0","https://x.com/undefined/status/2046040251865706531","287093780",
"2045771794423165164","Sun Apr 19 18:24:56 +0000 2026","4","@KangManto123 Ikan sapu-sapu itu mirip kadrun makluk invasif kalau dilakuin hal yang sama pasti Indonesia cepat maju!! ","2045931670050906345","","KangManto123","in","","0","0","0","https://x.com/undefined/status/2045931670050906345","1983821829602209792",
"2046054197293101152","Mon Apr 20 02:31:49 +0000 2026","1928","Kirain ikan sapu sapu tpi kok bau asem taunya ikan panu panu","2046054197293101152","","","in","","1","22","76","https://x.com/undefined/status/2046054197293101152","1632317790089797632",
"2046569757709873542","Tue Apr 21 12:40:28 +0000 2026","3","tau gak ikan sapu-sapu bahasa inggrisnya apa? cleaning serfish","2046569757709873542","","","in","","0","1","0","https://x.com/undefined/status/2046569757709873542","828593109869031424",
"2046447422264783094","Tue Apr 21 06:11:46 +0000 2026","3","@riielbeerrr Dipinggir terus ya kaya ikan sapu-sapu. Marcus Thuram dari LW ke ST gacor aja tuh ga usah lah bandingin ke Messi atau Cr7 yang berganti posisi selama karirnya kejauhan. Intinya pemain kalian itu pemain terbatas ga usah terlalu didewakan","2046471938395210126","","riielbeerrr","in","","0","0","1","https://x.com/undefined/status/2046471938395210126","733115300074250240",
"424876121100808192","Sun Jan 19 12:08:55 +0000 2014","0","Nama ilmiahnya itu pembersih kaca RT @rismaa94: Ikan sapu ? Ikan baru yaah ? RT @yogiYRA: Makan lumut kek ikan sapu RT @rismaa94: Hey~ lo","424876121100808192","","","in","","0","0","0","https://x.com/undefined/status/424876121100808192","408231942",
"2046091492544971034","Mon Apr 20 06:14:16 +0000 2026","14","@nocontextwindah nah ini emot ikan sapu-sapu","2046110181030035854","","nocontextwindah","in","","0","0","0","https://x.com/undefined/status/2046110181030035854","1970849179686842368",
"2045676870583439698","Mon Apr 20 03:26:12 +0000 2026","1","@lindalindu14 - Betutu masuk famili Eleotridae masih berkerabat dengan ikan gabus. - Sapu-sapu masuk Loricariidae keluarga lele Amerika Selatan. Betutu saudaraan sapu-sapu. Itu tidak tepat secara taksonomi. Dua ikan ini tidak ada hubungan kekerabatan sama sekali. Sapu-sapu datang dari","2046067884783456569","","lindalindu14","in","","0","1","1","https://x.com/undefined/status/2046067884783456569","902919964301996032",
"2045527671514546315","Sun Apr 19 15:23:51 +0000 2026","2","@SarjanaEksu True. Terima aja fakta bahwa masy. JKT itu minim sadar kebersihan. Setiap hari gw ngelihat org² buang sampah sembarangan bahkan makan roti pun plastiknya langsung dilepas aja dr tangan. Percuma program bersihin kali tangkap ikan sapu² kalo warganya mental jorok.","2045886100733034932","","SarjanaEksu","in","","0","0","0","https://x.com/undefined/status/2045886100733034932","1770512505506508800",
"2046138537540821341","Mon Apr 20 08:06:57 +0000 2026","1","Mantan Menteri Kelautan dan Perikanan Susi Pudjiastuti memberikan masukan kepada Gubernur DKI Jakarta Pramono Anung terkait penanganan ikan sapu-sapu yang tertangkap dalam program pengendalian hama perairan. Susi menyarankan agar ikan invasif tersebut dimanfaatkan menjadi pakan https://t.co/PdgL5W1wqJ","2046138537540821341","https://pbs.twimg.com/media/HGVYHngaUAA0tma.jpg","","in","","0","0","1","https://x.com/undefined/status/2046138537540821341","502140136",
"2045771794423165164","Mon Apr 20 00:40:40 +0000 2026","3","@Agum_3ZR @KangManto123 Biasa. Orang twitter bakalan marah kalau yang dikubur hidup-hidup adalah babi bukan ikan sapu-sapu wkwkwkwkw","2046026225706287166","","Agum_3ZR","in","","0","0","0","https://x.com/undefined/status/2046026225706287166","2310328974",
"2046040251865706531","Mon Apr 20 01:49:47 +0000 2026","1","@gilangrmdhn ikan sapu sapunya ngikan bgt","2046043622265795014","","gilangrmdhn","in","","0","1","0","https://x.com/undefined/status/2046043622265795014","287093780",
"2046443163762733272","Tue Apr 21 04:32:49 +0000 2026","1","@helloelaaa Naaah... Emang ikan sapu-sapu Islam semua ?! Kalo jumatan mereka dimana... ","2046447036162351362","","helloelaaa","in","","0","1","0","https://x.com/undefined/status/2046447036162351362","1100609875",
"2046395589739646994","Tue Apr 21 01:08:23 +0000 2026","0","Kalau dipikir-pikir udah enak banget pemprov DKI Jakarta hari ini. Zaman Ahok dan Anies isu yang diperdebatkan: banjir reklamasi normalisasi kali. Zaman Pramono: ikan sapu sapu. Isu yang berat2nya pindah ke pemerintah pusat semua.","2046395589739646994","","","in","","0","0","0","https://x.com/undefined/status/2046395589739646994","176586074",
"1879131901795106927","Tue Jan 14 13:13:53 +0000 2025","0","@taufik_siang Bukan. Ikan sapu-sapu itu banyak ditemukan di sungai. Kalau orang awam yg pelihara ikan di aquarium biasanya nyebut ikan pembersih kaca.","1879154973000524005","","siiangg","in","","0","0","0","https://x.com/undefined/status/1879154973000524005","163019735",
"2046056622028730532","Mon Apr 20 02:41:27 +0000 2026","2"," Iya meskipun itu dianggap sebagai hama atau predator ya saya kira agama kita juga mengatur bagaimana kita memusnahkan dengan yang ihsan (baik) ya dan mempercepat kematiannya ujar Sekretaris Komisi Fatwa MUI KH Miftahul Huda. Baca di sini: https://t.co/oMZHZo8F2m ~TR https://t.co/OjPDzNUZPC","2046056622028730532","https://pbs.twimg.com/media/HGUNY8Kb0AA-cA5.jpg","","in","","1","0","3","https://x.com/undefined/status/2046056622028730532","23343960",
"2046127716127347100","Mon Apr 20 07:23:57 +0000 2026","7","penangkapan ikan sapu-sapu secara serentak di DKI Jakarta memunculkan kekhawatiran baru yakni beredarnya isu bahwa daging ikan tersebut digunakan sebagai bahan dasar makanan olahan. Baca Selengkapnya di: https://t.co/m8pH5euv9f ~AC #Ikan #SapuSapu https://t.co/ukB5GHg2BM","2046127716127347100","https://pbs.twimg.com/amplify_video_thumb/2046127655003750400/img/kq99bIC27v-xfmvS.jpg","","in","","1","0","0","https://x.com/undefined/status/2046127716127347100","23343960",
"2045688623450968155","Sun Apr 19 18:31:35 +0000 2026","1","@sabdabersabda @myshawti ikan sapu-sapu : yaelah baru aja gede udh dibasmi salah apa nenek moyang gue.. hhaaafftttsruput sruput srupuutt nyam nyammm","2045933342248554543","","sabdabersabda","in","","0","0","0","https://x.com/undefined/status/2045933342248554543","1852092265621262337",
"2046350532617634283","Tue Apr 21 15:06:17 +0000 2026","3","@__PASMANTAP @Wong_Loman @MUIPusat Kalah hebat ikan sapu sapu dari hinaan abujanda","2046606456192106764","","__PASMANTAP","in","","0","0","0","https://x.com/undefined/status/2046606456192106764","1480671274774904836",
"2045812937131249999","Sun Apr 19 10:33:08 +0000 2026","72","Bikin Siomay Bandung pakai fillet Paha Ayam no Ikan Sapu Sapu #VincentMasak https://t.co/kTlqhYJ3xC","2045812937131249999","https://pbs.twimg.com/media/HGQwBlNbMAAdw0B.jpg","","tl","","0","15","7","https://x.com/undefined/status/2045812937131249999","1682927247504842752",
"2045740042614685794","Sun Apr 19 20:28:54 +0000 2026","50","Btw ikan sapu-sapu tu banyak yang estetik juga loh Coba cek di sini kalau mau liat contohnya https://t.co/i98B0JL31a","2045962868969898491","","mkbijaksana","in","","0","0","1","https://x.com/undefined/status/2045962868969898491","253610602",
"2046066313349771395","Mon Apr 20 14:54:09 +0000 2026","1","@ceritamalamkuu kamu mau jadi ikan sapu-sapu??","2046241014193807693","","ceritamalamkuu","in","","0","1","0","https://x.com/undefined/status/2046241014193807693","1764248517688881152",
"2046412759903178889","Tue Apr 21 02:16:39 +0000 2026","58","Artinya ikan sapu-sapu bukan sekadar sumber nitrogen. Kalau difermentasi jadi POC ada efek biostimulant yang memengaruhi hormon tanaman. Prinsip fermentasinya : protein dipecah jadi asam amino bebas yang siap diserap tanaman melalui daun atau akar.","2046412771936575983","","rouppme","in","","0","1","5","https://x.com/undefined/status/2046412771936575983","902919964301996032",
"2046415835955405187","Tue Apr 21 02:28:50 +0000 2026","5","Isu Ikan Sapu-sapu tidak kalah penting drpd soal Blanket Overflight dan Urusan Pribadi Perwira TNI berujung siram air keras.","2046415835955405187","","","in","","0","1","2","https://x.com/undefined/status/2046415835955405187","62764588",
"2046163148856553661","Tue Apr 21 03:18:43 +0000 2026","1","@novichud @pennoooo Padahal ikan sapu-sapu udah full armor begitu masih bisa kemakan koki juga","2046428389729562675","","novichud","in","","0","1","0","https://x.com/undefined/status/2046428389729562675","1451214331446579206",
"2046401500378009855","Tue Apr 21 01:31:52 +0000 2026","1","quote of the day; jadilah seperti ikan sapu-sapu walau ga berguna tetapi tetap hidup ️","2046401500378009855","","","in","","0","0","0","https://x.com/undefined/status/2046401500378009855","1609357131664457729",
"274041669433847810","Thu Nov 29 06:46:40 +0000 2012","0","Eh ikan pembersih kaca *ups RT @titanrizky: Tukang lap peswat :pRT @anyaprislaa: Tukang sapu rel kereta Api :p RT @titanrizky: Penjaga","274041669433847810","","","in","","0","0","0","https://x.com/undefined/status/274041669433847810","103838107",
"2046388602045866142","Tue Apr 21 00:40:37 +0000 2026","2","bahkan ikan sapu ada buzzernya https://t.co/8QlNryC25F","2046388602045866142","https://pbs.twimg.com/media/HGY7lrra4AAP7i1.jpg","","in","","0","0","0","https://x.com/undefined/status/2046388602045866142","1421774351330807808",
"2045771794423165164","Mon Apr 20 01:53:34 +0000 2026","2","@ErhanFaheem @KangManto123 Bisa saja secara tdk sengaja ketika beli somay bahan baku somaynya dr ikan sapu - sapu. Bagaimana rasanya ? Yah enak - enak aja Tapi tdk seharusnya menggunakan sapu - sapu dr sungai yg penuh dg limbah...itu tdk sehat hehehe https://t.co/2i6vRUhIBL","2046044571818426596","","DsSupriyady","in","","0","0","0","https://x.com/undefined/status/2046044571818426596","2926855970",
"2045936123038593366","Sun Apr 19 18:42:38 +0000 2026","1","banyaknya ikan sapu-sapu sebagai indikator sungai yang kotor salah! banyaknya ikan sapu-sapu sebagai indikator gubernur dan rakyat yang tolol. benar!","2045936123038593366","","","in","","0","0","0","https://x.com/undefined/status/2045936123038593366","119292066",
"2046054058742690117","Mon Apr 20 02:31:16 +0000 2026","1","There's literally ada ratusan anjing yang disiksa kucing2 yang diracun monyet2 yang disiksa dipukulin sebelum mati. Videonya viral di mana2 dan MUI keluar bacot pun tak ada. Tiba2 sekarang muncul jadi pahlawan untuk ikan sapu2. Ada obsessi apa MUI dengan ikan sapu-sapu?","2046054058742690117","","","in","","0","0","0","https://x.com/undefined/status/2046054058742690117","1710906358588170240",
"2046182562415214913","Mon Apr 20 11:01:53 +0000 2026","10","Di Jakarta ikan sapu-sapu sedang diburu. Bahkan Pemerintah Provinsi DKI Jakarta menggelar operasi khusus untuk membasmi ikan sapu-sapu ini yang hidup di perairan Jakarta. Sebabnya adalah ikan dengan sebutan latin hypostomus plecostomus ini merupakan spesies invasif yang https://t.co/RPfODmCFGD","2046182562415214913","https://pbs.twimg.com/media/HGWAMXpaoAAbwav.jpg","","in","","0","4","3","https://x.com/undefined/status/2046182562415214913","708615828007034880",
"11278457262571521","Sun Dec 05 04:39:28 +0000 2010","0","Yoi sa huweekk bgt !! RT @osaosaka: Ikan sapu sapuRT @putra378: Asu iwak pembersih kaca dadi bakso siomay otak otak huwekkkk","11278457262571521","","","in","","0","0","0","https://x.com/undefined/status/11278457262571521","111520209",
"2046196465010352230","Mon Apr 20 11:57:08 +0000 2026","29","bahasa inggrisnya ikan sapu sapu itu cleaningserfish kan ya?","2046196465010352230","","","in","","0","33","1","https://x.com/undefined/status/2046196465010352230","2023230802000306176",
"2046163148856553661","Mon Apr 20 13:49:37 +0000 2026","1","@vienbast @pennoooo Ikan sapu sapu jual Bawah tanah Cuma orang tertentu aja yang mau beli Dijual dipasar ya gak ada yang beli","2046224770883293399","","vienbast","in","","0","1","0","https://x.com/undefined/status/2046224770883293399","920681028",
"2046216219955781701","Mon Apr 20 14:40:34 +0000 2026","1","@TradingDiary2 Betul banget Pak. Predator alami ikan sapu-sapu itu salah satunya ikan Arapaima kalau ada di sungai Indonesia ya makin parah ","2046237594967748627","","TradingDiary2","in","","0","1","0","https://x.com/undefined/status/2046237594967748627","728737062665392128",
"2045740042614685794","Mon Apr 20 04:02:37 +0000 2026","2","@mkbijaksana Pernah liat yutuber di amrik makan ikan sapu sapu. Disana namanya armored cat fish tapi sungainya bersih ga kayak di ciliwung. Mungkin sebernya nih ikan bisa dimakan asalkan sungainya ga polusi.","2046077047785828466","","mkbijaksana","in","","0","0","0","https://x.com/undefined/status/2046077047785828466","491113930",
"2045568319059874108","Mon Apr 20 00:21:30 +0000 2026","3","@wordfangs lagu lu jadi backsound pembantaian ikan sapu-sapu ","2046021402462224489","","wordfangs","in","","0","0","0","https://x.com/undefined/status/2046021402462224489","215502345",
"2046060176093139043","Mon Apr 20 02:55:34 +0000 2026","1","Bukan masalah ikan sapu-sapunya yang masalah tapi ikan sapu-sapu dari salah satu sungai terkotor di Dunia.","2046060176093139043","","","in","","0","0","0","https://x.com/undefined/status/2046060176093139043","610902829",
"2045918308634075308","Sun Apr 19 17:31:50 +0000 2026","1","Pengen muntah baca berita siomay ikan sapu-sapu. Apalagi liat pattern kulit ikannya.","2045918308634075308","","","in","","0","2","0","https://x.com/undefined/status/2045918308634075308","1399086277014654977",
"2047533598069424624","Sat Apr 25 06:25:07 +0000 2026","1","@__lostcontact @subaktelkomsel Ikan sapu sapu tuu","2047924848589213981","","__lostcontact","in","","0","1","0","https://x.com/undefined/status/2047924848589213981","1358595422",
"2045771794423165164","Sun Apr 19 15:25:10 +0000 2026","9","@KangManto123 MUI t0lpl mending Lo urus aja itu ustad cabul dan koruptor dana haji yang GK penjara juga! Ngapain Lo ngurus ikan sapu sapu","2045886432397697361","","KangManto123","in","","0","0","0","https://x.com/undefined/status/2045886432397697361","1663280432279085058",
"2046401916851409175","Tue Apr 21 01:33:31 +0000 2026","29","Thanks @Estariolla Akhirnya cupangku with ikan sapu sapu bersatu kembali Perbedaan tak akan memisahkan kita Walaupun dipisahkan dunia gepeng kasih istri sepanjang jalan ku akan tetep nafkahi kamu Sylus kuh https://t.co/6xelI27fXG","2046401916851409175","https://pbs.twimg.com/media/HGZHssXa0AA9dvv.jpg","","in","","0","2","5","https://x.com/undefined/status/2046401916851409175","1420592878640717824",
"2046412759903178889","Wed Apr 22 02:00:58 +0000 2026","1","Ikan yang lg diburu ini mengandung Zn 304 ppm mineral yang sama dengan ZnSO4 yang biasa dibeli untuk mengatasi asem2an pada kuning. Apakah bisa jadi alternatif? Sumber: Asnawi Asnawi (2018) UJI BIOLOGIS PERANAN IKAN SAPU-SAPU (Hypostomus plecostomus) SEBAGAI PAKAN ITIK","2046771212957958265","","rouppme","in","","0","1","1","https://x.com/undefined/status/2046771212957958265","902919964301996032",
"2045568319059874108","Mon Apr 20 02:55:52 +0000 2026","1","@wordfangs lagu tentang ikan sapu-sapu ","2046060252551135620","","wordfangs","in","","0","0","0","https://x.com/undefined/status/2046060252551135620","1440689016458731526",
"2046476527697527094","Tue Apr 21 09:27:21 +0000 2026","1","@democrazymedia Kejar terus seperti ikan sapu-sapu","2046521158699569507","","democrazymedia","in","","0","0","0","https://x.com/undefined/status/2046521158699569507","1567732912757559296",
"2046511589688541300","Tue Apr 21 08:49:19 +0000 2026","1","https://t.co/YYsSHwcfEF @pramonoanung","2046511589688541300","","","qme","","0","0","0","https://x.com/undefined/status/2046511589688541300","1334483117172670470",
"2045875130916802880","Sun Apr 19 14:40:16 +0000 2026","4","Tadi lihat ada postingan MUI lagi mengkritisi pembasmian ikan sapu-sapu yang lagi marak. Mereka menilai pembasmian tersebut tidak sesuai dengan nilai-nilai Islam. Di satu sisi aku setuju pembasmian ini tidak sesuai dengan nilai Islam tapi di sisi lain aku berharap bukan MUI yg","2045875130916802880","","","in","","0","4","3","https://x.com/undefined/status/2045875130916802880","1030789552867139584",
"2046203218313744581","Mon Apr 20 12:23:58 +0000 2026","2","Pengen siomay tapi takut ikan nya ikan sapu -sapu","2046203218313744581","","","in","","0","3","0","https://x.com/undefined/status/2046203218313744581","1172502032298598402",
"2045771794423165164","Sun Apr 19 16:23:31 +0000 2026","4","@Andreaskyyyyy @KangManto123 Ikan lokal ciliwung itu ada 160 jenis. Gegara sapu sapu sisa 20 jenis. Mau dipunahkan semua baru mau dimusnahkan sapu-sapunya? Ekosistem aslinya di Amazon bukan indo. Bhang","2045901116215603349","","Andreaskyyyyy","in","","0","0","0","https://x.com/undefined/status/2045901116215603349","103022188",
"2046149327320498647","Tue Apr 21 06:20:57 +0000 2026","0","@MN_aliakbar Dulu pernah makan ikan sapu-sapu sebesar betis orang dewasa yang habitatnya di kolam. Agak ragu sih pas makan tapi ya enak aja dikasih bumbu Waktu itu 1 ikan berdua sama bapak.","2046474249200902220","","MN_aliakbar","in","","0","0","0","https://x.com/undefined/status/2046474249200902220","1869411014372179968",
"2045748019224850553","Sun Apr 19 23:03:45 +0000 2026","0","@bakuldimsum_ Apa ikan sapu sapu itu punya nyawa dobel","2046001837099385267","","bakuldimsum_","in","","0","1","0","https://x.com/undefined/status/2046001837099385267","1374686160748830724",
"2046412759903178889","Tue Apr 21 07:19:51 +0000 2026","1","@rouppme @yosephandika3 Ada hasil penelitian yang menunjukkan ikan sapu-sapu (Pterygoplichthys pardalis) yang hidup di lingkungan kotor seperti Sungai Ciliwung terdeteksi mengandung berbagai logam berat berbahaya (As Cd Co Cr Fe Mn Hg Ag Pb Zn) yang telah melampaui batas aman konsumsi.","2046489074505322571","","rouppme","in","","0","0","0","https://x.com/undefined/status/2046489074505322571","1220019150585643009",
"2046163148856553661","Mon Apr 20 11:57:46 +0000 2026","1","@pennoooo Itu siapa yg ngasih ikan sapu sapu?","2046196624335282450","","pennoooo","in","","0","1","0","https://x.com/undefined/status/2046196624335282450","928815685026725890",
"2046507852802752586","Tue Apr 21 08:34:29 +0000 2026","1","jujur muak tiap tidur mimpinya ikan sapu²","2046507852802752586","","","in","","0","5","0","https://x.com/undefined/status/2046507852802752586","1754187701505740800",
"2046213515078406321","Mon Apr 20 13:14:41 +0000 2026","3","@liaasister Sulit untuk di tebak yang selama ini para koruptor kakap malah lenggang kangkung yang jadi tumbal cuma ikan sapu sapu","2046215980532351106","","liaasister","in","","0","1","0","https://x.com/undefined/status/2046215980532351106","721590341669748736",
"2046061300405698586","Mon Apr 20 06:11:06 +0000 2026","5","@ARSIPAJA Kaum sumbu 1 mm tukang potong potong info langsung bereaksi keras ke MUI tanpa cari info lengkapnya Ikan sapu sapu dikubur itu ga bikin mati. Bayangain lu ga mati mati lamaaa banget tapi dikubur. Ngeri ga tuh.... https://t.co/le4gIYY76Z","2046109385093738695","https://pbs.twimg.com/media/HGU9KntbMAAbi8w.png","ARSIPAJA","in","","0","0","0","https://x.com/undefined/status/2046109385093738695","305086357",
"2045786839483928973","Sun Apr 19 17:46:42 +0000 2026","3","@user123427736 btw aku ikan sapu sapu","2045922050758582407","","user123427736","in","","0","0","0","https://x.com/undefined/status/2045922050758582407","1282976262655361026",
"2045897735057096778","Sun Apr 19 16:10:05 +0000 2026","3","BALADA IKAN SAPU-SAPU SUNGAI CILIWUNG -pertumbuhan massive merusak ekosistem sungai -Berbahaya bila dikonsumsi karena tingginya kadar logam akibat pencemaran sungai -konon katanya merupakan bahan baku pembuatan siomay area skitaran sungai oleh oknum nackal setempat. THE END","2045897735057096778","","","in","","0","2","0","https://x.com/undefined/status/2045897735057096778","299986400",
"2045928396052705789","Sun Apr 19 18:11:55 +0000 2026","4","selalu merinding lihat bentukan ikan sapu sapu","2045928396052705789","","","in","","0","2","0","https://x.com/undefined/status/2045928396052705789","1254938464367198208",
"2046748613804687383","Wed Apr 22 00:31:10 +0000 2026","9","Lagi rame soal ikan sapu-sapu jadi mau nanya sama kalian Apa bahasa inggrisnya ikan sapu-sapu ? ","2046748613804687383","","","in","","0","9","4","https://x.com/undefined/status/2046748613804687383","1404268254789398536",
"2046538167113945104","Tue Apr 21 12:38:17 +0000 2026","1","@lilvalak lah ikan aja ada yang namanya sapu sapu padahal sapu bukan ikan","2046569207849226596","","lilvalak","in","","0","0","0","https://x.com/undefined/status/2046569207849226596","1796858488142151680",
"2046397239581630547","Tue Apr 21 01:14:56 +0000 2026","12","jatoh nya kek barter indo pusing ngatasin ikan sapu sapu yang jadi hama dimana mana. di amerika lagi basmi ikan mas yang sama jadi hama juga. ya walaupun kek nya lebih gampang ngolah ikan mas karna itu ikan enak sih","2046397239581630547","","","in","","0","3","0","https://x.com/undefined/status/2046397239581630547","1235183135647600641",
"2045845220798198037","Mon Apr 20 00:42:59 +0000 2026","31","@WidasSatyo Twitter / x mang bangsal rumah sakit jiwa. Keknya waktu itu pada nangis jamaah liat babi dikubur hidup-hidup. Cuma berhubung MUI bahas pembasmian ikan sapu-sapu yg gak dibunuh dulu baru dikubur itu gak sesuai syariat Islam nah itulah sekuler liberal dan Islamophobic pada ketawa","2046026812015411501","","WidasSatyo","in","","0","1","1","https://x.com/undefined/status/2046026812015411501","2310328974",
"2045774883897135178","Sun Apr 19 08:55:45 +0000 2026","1382","@ridwanhr Ciri ciri siomay pake daging ikan sapu sapu itu kyk ada yang ketinggal dipangkal lidah &amp; tenggorokan kyk ga clean gitu rada pahit mungkin efek kontaminasi logam berat macem timbal dll","2045788431352250831","","ridwanhr","in","","6","4","31","https://x.com/undefined/status/2045788431352250831","619243500",
"2046067386235981972","Mon Apr 20 03:24:13 +0000 2026","8","Sekretaris Komisi Fatwa MUI KH Miftahul Huda menyatakan bahwa praktik penguburan massal ikan dalam keadaan hidup bertentangan. https://t.co/cTJqYd4oUc https://t.co/XzIeqpjcQH","2046067386235981972","https://pbs.twimg.com/media/HGUXcgXb0AAmaaH.jpg","","in","","0","3","1","https://x.com/undefined/status/2046067386235981972","214818815",
"2047469728881573891","Fri Apr 24 00:16:38 +0000 2026","13","HAH selama ini aku nerjemahin ikan sapu-sapu sebagai broom-broom fish https://t.co/YMd58y5mop","2047469728881573891","https://pbs.twimg.com/media/HGoS3Veb0AATW0S.jpg","","in","","0","4","1","https://x.com/undefined/status/2047469728881573891","69806285",
"2045754310026526942","Mon Apr 20 03:40:02 +0000 2026","52","@caragampang @Outstandjing Selama ikan hidup di air bersih tanpa limbah berbagai bisa di konsumsi. Termasuk ikan sapu-sapu. Dijakarta perairan kotor penuh limbah berbahaya maka selayaknya ikan sapu-sapu tidak dikonsumsi.","2046071367280586789","","caragampang","in","","0","3","1","https://x.com/undefined/status/2046071367280586789","2037225066409398272",
"2045893468258779298","Sun Apr 19 15:53:08 +0000 2026","7","Akhirnya keluar dari jeratan pembahasan coding-ish dan mulai membahas isu isu lingkungan (((pakan sapi ikan sapu sapu dan pelet)))","2045893468258779298","","","in","","0","1","0","https://x.com/undefined/status/2045893468258779298","1574735749446270976",
"2046083410268246489","Mon Apr 20 04:27:54 +0000 2026","8","Ikan sapu-sapu kalau dimasukin septic tank masih bisa hidup apa nggak ya? Zaman dulu ada orang ternak lele yang dimasukin ke septic tank. Kalau ikan sapu-sapu yang hidupnya di septic tank kira-kira aman nggak untuk dimakan?","2046083410268246489","","","in","","0","5","1","https://x.com/undefined/status/2046083410268246489","185156524",
"2046492277753930118","Tue Apr 21 07:32:41 +0000 2026","1","Ikan sapu-sapu yang hidup di lingkungan tercemar dapat hidup normal tapi bawa senyawa berbahaya ke makhluk hidup yg memakannya. Hal ini dibahas pada jurnal berikut https://t.co/nXyNAf9Qje","2046492303787970705","","TeknofiliaID","in","","1","1","0","https://x.com/undefined/status/2046492303787970705","1428330789696016384",
"2045845220798198037","Mon Apr 20 02:31:48 +0000 2026","4","@WidasSatyo mau masuk surga kehalang ikan sapu sapu yg dikubur hidup hidup","2046054194491343356","","WidasSatyo","in","","0","0","0","https://x.com/undefined/status/2046054194491343356","999764402860576769",
"2046149327320498647","Mon Apr 20 12:33:59 +0000 2026","1","@MN_aliakbar Berarti ikan sapu sapu terus kerang ijo klo gak salah pernah liat ada di konten bule siapa gitu masak klo di budidaya dengan lingkungan yg bagus boleh di makan dong? Atau gimana?","2046205740046782687","","MN_aliakbar","in","","0","1","0","https://x.com/undefined/status/2046205740046782687","1445632067346178048",
"151898886041120768","Wed Dec 28 05:34:51 +0000 2011","0","ini ikan pembersih kaca namanya kak. aku juga punya dirumah :)RT @dindakanyaa: Ikan sapu-sapu http://t.co/Pa2eCRwz","151898886041120768","","","in","","0","0","0","https://x.com/undefined/status/151898886041120768","160772714",
"2045794788721701117","Sun Apr 19 11:22:21 +0000 2026","56","@mwv_mystic Dulu dipelihara buat jadi membersihkan kaca aquarium sampai dijuluki ikan pembersih kaca entah kenapa sekarang bisa mendominasi sungai... Dan jobdesknya jadi nyapu nyapu ","2045825324135657660","","mwv_mystic","in","","0","1","1","https://x.com/undefined/status/2045825324135657660","1528618615",
"283890932384944128","Wed Dec 26 11:09:17 +0000 2012","0","@aristillmath ikan sapu-sapu itu ikan pembersih kaca? Beda nyebutnya tapi kok tetep kasian maknanya.. Tetep bagian bersih-bersih.. Ckckckc","283892233130893312","","ari_wahyuMLG","in","","0","0","0","https://x.com/undefined/status/283892233130893312","458194630",
"2046571478880309278","Tue Apr 21 17:07:51 +0000 2026","1","@raykairi @gilbhas Bisa jadi substitusi ikan sapu-sapu di siomay ga ini?","2046637047906250838","","raykairi","in","","0","1","0","https://x.com/undefined/status/2046637047906250838","76799026",
"50929213418643457","Thu Mar 24 14:37:25 +0000 2011","0","ikan pembersih kaca =D RT @Yoosshhii:Opo lagi itu ikan sapu2.. RT @hernari: @Yoosshhii @Rivqy_Jusuf @wind_esh iwak lumut =ikan sapu sapu??","50929213418643457","","","in","","0","0","0","https://x.com/undefined/status/50929213418643457","174206773",
"1076141694297534466","Fri Dec 21 15:45:48 +0000 2018","0","sapu atau biasa disebut pembersih kaca ditemukan mati mengapung di Aliran Sungai Kresek berada di Lingkungan Ngadisimo Kelurahan Ngadirejo Kecamatan Kota pada Jumat (21/12/2018). Atas dasar laporan... | Selengkapnya di https://t.co/ndKZqpwblm https://t.co/SZ8YfTEOVU","1076141694297534466","https://pbs.twimg.com/media/Du85KuhX4AEzef-.jpg","","in","","0","0","0","https://x.com/undefined/status/1076141694297534466","956514849210621952",
"2046226669002965087","Tue Apr 21 10:19:25 +0000 2026","3","@Dedsep85530 ikan sapu sapu : ormas","2046534262678241441","","Dedsep85530","in","","0","1","0","https://x.com/undefined/status/2046534262678241441","1816315123491037184",
"2046745477832482927","Wed Apr 22 00:18:43 +0000 2026","1","Metode mengubur ikan dalam keadaan hidup dinilai mengandung unsur penyiksaan karena memperlambat kematian. #Metropolitan #AdadiKompas https://t.co/tLlRU3Tsj2","2046745477832482927","","","in","","0","0","0","https://x.com/undefined/status/2046745477832482927","255866913",
"2047656648345637116","Sat Apr 25 01:41:42 +0000 2026","10","@rumiiihere ikan sapu sapu","2047853527217934802","","rumiiihere","in","","0","0","2","https://x.com/undefined/status/2047853527217934802","1252667805947723776",
"2046149327320498647","Tue Apr 21 04:54:24 +0000 2026","1","@MN_aliakbar Sebenernya ikan sapu-sapu ini bisa dimakan asal dia asalnya beneran dari sungai yang belom tercemar limba atau dari tambak Tapi tau sendiri kan kalau di Jakarta sungainya sudah tercemar kek apa karena si ikan ini termasuk hewan bioakumulasi.","2046452469346238683","","MN_aliakbar","in","","0","1","0","https://x.com/undefined/status/2046452469346238683","1742486411432083456",
"2045754310026526942","Mon Apr 20 03:28:58 +0000 2026","4","@caragampang Sebenarnya bkn krn dia ikan sapu-sapu . Ikan apa pun klo hidup di sungai yang tercemar ttp bs terakumulasi logam berat. Ini lebih ke isu lingkungan sih. Sungainya yg kotor akhirnya semua yg hidup di situ ikut terdampak..","2046068579708412365","","caragampang","in","","0","1","1","https://x.com/undefined/status/2046068579708412365","316889780",
"2045932153717112943","Mon Apr 20 07:54:43 +0000 2026","1","@xzabiruw iseng cek di oren trnyata harga ikan sapu sapu lumayan ya https://t.co/n4oGZWwojr","2046135461182398898","","xzabiruw","in","","0","2","4","https://x.com/undefined/status/2046135461182398898","1976309432603803648",
"2045481862420983922","Sun Apr 19 20:45:00 +0000 2026","0","@abulmuzaffar10 @akun_fajar Iya kan ikan sapu2 digunakan membersihkan kaca akuarium Tapi sama beberapa pemiliknya (yang sudah ga pingin miara) dibuang sungai mungkin alasan awalnya karena kasian","2045966921057845314","","abulmuzaffar10","in","","0","0","0","https://x.com/undefined/status/2045966921057845314","1426446924975017984",
"2046244864984322489","Tue Apr 21 03:45:59 +0000 2026","2","@TaliUdeng Ikan sapu sapu: https://t.co/PJ4FqUrWSS","2046435253246697710","https://pbs.twimg.com/media/HGZl-draoAAxczn.jpg","TaliUdeng","in","","0","0","0","https://x.com/undefined/status/2046435253246697710","3042582468",
"2046778596484845946","Wed Apr 22 02:30:19 +0000 2026","1","Punten Bu @susipudjiastuti kalau ikan sapu-sapu yg dari sungai tercemar ini kan banyak mengandung limbah dan logam berat apakah aman utk dibuat pelet dan pupuk? Mohon ilmunya.","2046778596484845946","","","in","","0","0","0","https://x.com/undefined/status/2046778596484845946","1136265230",
